"name","rating","reviews","price","description","city"
"Savoy Le Grand Hotel Marrakech","Avec une note de 8.5","antoine","‚Ç¨¬†247,47","Savoy Le Grand Hotel MarrakechH√¥tel √† Marrakech (L‚ÄôHivernage)Le Savoy Le Grand Hotel est situ√© √† Marrakech, √† 500 m√®tres des jardins de la M√©nara. Cet h√¥tel propose une piscine ext√©rieure, un barbecue et une connexion Wi-Fi gratuite dans tous ses locaux.antoineFrancePropret√© /serviceVoir plus","marrakech"
"Hotel Al Kabir","Avec une note de 6.4","Youssef","‚Ç¨¬†83","Hotel Al KabirH√¥tel √† Marrakech (Gu√©liz)Situ√© √† 5 minutes de marche de la m√©dina, l'Hotel Al Kabir propose une connexion Wi-Fi gratuite dans ses parties communes, une terrasse fleurie avec piscine et chaises longues ainsi que des services...YoussefMarocproche de lacentre villeVoir plus","marrakech"
"Kenzi Menara Palace & Resort","Avec une note de 8.4","Marrakech","‚Ç¨¬†164,95","Kenzi Menara Palace & ResortH√¥tel √† Marrakech (L'Agdal)Le Kenzi Menara Palace¬†&¬†Resort est un h√¥tel de luxe situ√© dans un parc de 4¬†hectares √† Marrakech, √† seulement 10¬†minutes en voiture de la place Jemaa el-Fna.MarrakechFrancepiscineVoir plus","marrakech"
"Kennedy Hospitality Resort","Avec une note de 6.9","abderrahim","‚Ç¨¬†88,70","Kennedy Hospitality ResortH√¥tel √† Marrakech (L‚ÄôHivernage)L'Kennedy Hospitality Resort est situ√© dans un quartier r√©sidentiel de Marrakech, √† seulement 10 minutes √† pied de la m√©dina.abderrahimMaroca vrai dire, a, part la situation de l'h√¥tel le reste c'√©tait vraiment z√©roVoir plus","marrakech"
"Hivernage Hotel & Spa","Avec une note de 8.4","Rachida","‚Ç¨¬†190,10","Hivernage Hotel & SpaH√¥tel √† Marrakech (L‚ÄôHivernage)L'Hivernage Hotel & Spa vous accueille √† quelques pas de la m√©dina et des souks de Marrakech. Ses chambres sont √©quip√©es d'une t√©l√©vision par satellite et d'une connexion Wi-Fi gratuite.RachidaBelgiquel emplacement, le personnel et l accueil.Voir plus","marrakech"
"H√¥tel Du Golf Rotana Palmeraie","Avec une note de 7.5","Harald","‚Ç¨¬†176,65","H√¥tel Du Golf Rotana PalmeraieH√¥tel √† Marrakech (La Palmeraie)L‚ÄôH√¥tel Du Golf Rotana Palmeraie est un √©tablissement 5 √©toiles proposant un choix d'activit√©s de loisirs, notamment une vaste salle de sport dot√© d'un personnel professionnel, une piscine ext√©rieure...HaraldAllemagneJe suis all√© √† Marrakech plusieurs fois au cours des 40 derni√®res ann√©es. La ville est devenue un creuset cosmopolite. Les prix dans les h√¥tels 5 √©toiles ont sensiblement augment√©, parfois plus chers qu'√† Duba√Ø, au Qatar, etc. Nous sommes donc tr√®s satisfaits de l'H√¥tel du Golf Rotana Palmeraie. Un tr√®s bon rapport qualit√©/prix, absolument recommand√© ! Qu‚Äôest-ce qui fait un excellent h√¥tel ? Ce sont les employ√©s. Le personnel de service de cet h√¥tel est excellent. Le fait que l'h√¥tel s'int√©resse √† de bons employ√©s ainsi qu'√† de bonnes relations avec ses clients ressort clairement du fait qu'il a cr√©√© le poste de responsable des relations clients. Mme Khadija est exceptionnelle, elle s'occupe des besoins des invit√©s dans les moindres d√©tails. Je voulais juste r√©server une table dans un restaurant, j'avais des questions sur un endroit, puis elle m'y a personnellement emmen√©e. De nombreux invit√©s l'ont accueillie, elle √©tait bien connue - √† mon avis, la direction de l'h√¥tel a eu beaucoup de chance d'avoir trouv√© et embauch√© cette employ√©e. R√©sum√© : L'h√¥tel est vieux mais a du style avec  un  excellent petit-d√©jeuner, aux jolis jardins et des personnel sympathique.Voir plus","marrakech"
"Marrakech Ryads Parc All inclusive","Avec une note de 7.4","David","‚Ç¨¬†215,17","Marrakech Ryads Parc All inclusiveH√¥tel √† Marrakech (La Palmeraie)Cet h√¥tel dispose d'une piscine ext√©rieure de 1 200 m2 avec un snack-bar offrant une vue panoramique sur les montagnes de l'Atlas.DavidFranceUn h√¥tel √† l'ext√©rieur de Marrakech, au calme dans un tr√®s beau cadre 
Propre ,personnel tr√®s sympathique. Nous y avons pass√© une tr√®s bonne semaine üòÅVoir plus","marrakech"
"Zalagh Kasbah Hotel & Spa","Avec une note de 6.8","Pascal","‚Ç¨¬†99,05","Zalagh Kasbah Hotel & SpaH√¥tel √† Marrakech (L'Agdal)Situ√© √† c√¥t√© des jardins de l‚ÄôAgdal, le Zalagh Kasbah Hotel & Spa poss√®de une piscine ext√©rieure et une salle de sport. Il vous accueille dans le sud de Marrakech.PascalFranceNous avons appr√©ci√© l'accueil et la disponibilit√© de Ahmed.
J'ai eu l'impression qu'il √©tait le seul collaborateur √† prendre soin de ses clients.
Attention, ne comptez pas recharger votre v√©hicule √©lectrique ou hybride ici.
Contrairement √† ce qui est mentionn√© dans la liste des services √† disposition (booking. Com), cet √©tablissement n'est pas √©quip√© de bornes.
√Ä cette fausse information, on m'a r√©pondu que peut-√™tre dans quelques temps des bornes seront disponibles et que dans l'imm√©diat je pouvais recharger mon v√©hicule hybride dans le parking souterrain du magasin carrefour situ√© √† 500 m de l'h√¥tel, si toutefois les bornes √©taient disponibles et fonctionnaient.Voir plus","marrakech"
"Hotel Imperial Plaza & Spa","Avec une note de 6.9","Abdelhak","‚Ç¨¬†56,02","Hotel Imperial Plaza & SpaH√¥tel √† MarrakechL'Hotel Imperial Plaza¬†&¬†Spa est situ√© au centre de Marrakech. L‚Äô√©tablissement dispose d'un spa et centre de bien-√™tre, ainsi que d'un toit-terrasse avec piscine offrant une vue panoramique sur la...AbdelhakMarocSuper h√¥tel, super endroit, petit d√©jeuner d√©licieux , 
Mille merci  pour Mme Amal et Mr Kamal,Voir plus","marrakech"
"Yaad City Hotel","Avec une note de 7.7","ChristineCB","‚Ç¨¬†55,20","Yaad City HotelH√¥tel √† MarrakechDot√© d'une piscine et d'un restaurant, le Yaad City Hotel est situ√© √† Marrakech, √† 2 minutes √† pied des jardins Majorelle. Une connexion Wi-Fi gratuite est disponible.ChristineCBFranceNous avons ador√© le personnel de l'√©tablissement extr√™mement gentil et serviable. L'h√¥tel est propre et confortable. Tr√®s bon rapport qualit√© prix. Nous recommandons !Voir plus","marrakech"
"Hotel Majestic","Avec une note de 6.7","Fatine","‚Ç¨¬†40,45","Hotel MajesticH√¥tel √† Casablanca (Sidi Belyout)L'Hotel Majestic vous accueille √† Casablanca, √† 2,6 km de la mosqu√©e Hassan II. Vous b√©n√©ficierez gratuitement d'une connexion Wi-Fi et d'un emplacement de stationnement priv√©.FatineFrancePersonnel tr√®s professionnel et arrangeant, chambres propres et confortables, bon rapport qualit√©-prix.Voir plus","casablanca"
"ONOMO Airport Casablanca","Avec une note de 8.0","Richard","‚Ç¨¬†88,40","ONOMO Airport CasablancaH√¥tel √† CasablancaSitu√© √† Casablanca, √† 34¬†km du complexe r√©sidentiel Anfa Place Living Resort, l‚ÄôONOMO Airport Casablanca vous propose un parking priv√© gratuit, une salle de sport, un jardin et une terrasse.RichardCanadaLes repas √©taient tr√®s biens et l'h√¥tel √©tait tr√®s bien situ√© pr√®s de l'a√©roport.Voir plus","casablanca"
"Relax Hotel Casa Voyageurs","Avec une note de 8.7","Bing","‚Ç¨¬†58,61","Relax Hotel Casa VoyageursH√¥tel √† Casablanca (Roches Noires)Situ√© √† Casablanca, √† 5,5¬†km de la mosqu√©e Hassan II, le Relax Hotel Casa Voyageurs offre une vue sur la ville.BingChineC‚Äôest formidable merci maryamVoir plus","casablanca"
"Ibis Casa Voyageurs","Avec une note de 7.6","mahdi","‚Ç¨¬†56,07","Ibis Casa VoyageursH√¥tel √† Casablanca (Roches Noires)Dot√© d'un restaurant, l'h√¥tel ibis Casa Voyageurs se trouve √† 3 minutes √† pied de la gare de Casa-Voyageurs. Il dispose d'une connexion Wi-Fi gratuite dans tout l'√©tablissement.mahdiFrancePVoir plus","casablanca"
"Ibis Casablanca City Center","Avec une note de 7.0","Abdelkarim","‚Ç¨¬†53,64","Ibis Casablanca City CenterH√¥tel √† Casablanca (Sidi Belyout)L'Ibis Casablanca City Center est situ√© dans le centre-ville de Casablanca, juste √† c√¥t√© du port. Il propose un h√©bergement avec t√©l√©vision par satellite, un restaurant et un bar.AbdelkarimMarocnous sommes heureux d'avoir d√©couvert ce bel h√¥tel situ√©   au centre ville l'accueil est chaleureux le r√©ceptionniste  Mr FETTAH pr√©sente afin que nous ne manquons de rien , ses conseils concernant les visites touristiques , les chambres sont tr√®s confortables ! je vous recommandeVoir plus","casablanca"
"H√¥tel Club Val d'Anfa Casablanca Ocean view","Avec une note de 8.0","LARBI","‚Ç¨¬†107,50","H√¥tel Club Val d'Anfa Casablanca Ocean viewH√¥tel √† Casablanca (Anfa)L'H√¥tel Club Val d'Anfa Casablanca Ocean view est situ√© √† 50 m√®tres de la plage de Casablanca.LARBIFrancele parking de l‚Äôh√¥tel un plusVoir plus","casablanca"
"Mid Town Hotel Casablanca","Avec une note de 7.5","Kenza","‚Ç¨¬†65,20","Mid Town Hotel CasablancaH√¥tel √† Casablanca (Sidi Belyout)Id√©alement situ√© dans le quartier Gauthier de Casablanca, le Mid Town Hotel Casablanca se trouve √† 8¬†km du centre commercial Morocco Mall, ainsi qu‚Äô√† 5¬†km de la mosqu√©e Hassan¬†II et du complexe Anfa...KenzaFranceLe personnel et l‚ÄôemplacementVoir plus","casablanca"
"Barcel√≥ Casablanca","Avec une note de 7.9","Sandrine","‚Ç¨¬†69,40","Barcel√≥ CasablancaH√¥tel √† Casablanca (Sidi Belyout)Situ√© √† moins de 10 minutes en voiture de la mosqu√©e Hassan II, l'H√¥tel Barcel√≥ Casablanca dispose d'un centre d'affaires et de plusieurs salles de conf√©rence.SandrineFranceBien plac√© par rapport √† mon travail
Petit dejeuner vari√© et tres bien
Personnel accueillant et bon sens du service clientVoir plus","casablanca"
"Grand Mogador City Center Casablanca","Avec une note de 8.1","Abdou H","‚Ç¨¬†107,80","Grand Mogador City Center CasablancaH√¥tel √† Casablanca (Roches Noires)Situ√© √† 5 minutes de route de la gare de Casa-Port, le Grand Mogador City Center Casablanca dispose d'un centre de conventions avec 11 salles de r√©union et d'une connexion Wi-Fi gratuite dans...Abdou HMarocPropret√© et confortVoir plus","casablanca"
"ONOMO Hotel Casablanca City Center","Avec une note de 8.1","Fatima","‚Ç¨¬†119,40","ONOMO Hotel Casablanca City CenterH√¥tel √† Casablanca (Ma√¢rif)Situ√© √† Casablanca, √† 3,1¬†km du complexe h√¥telier Anfa Place Living Resort, l‚ÄôONOMO Hotel Casablanca City Center propose une salle de sport, un bar, une terrasse et un parking priv√© gratuit.FatimaMonacoTout exactement ! J‚Äôaime tout de cet √©tablissement mais particuli√®rement son personnel qui est juste exceptionnel. Mention sp√©ciale √† Issam qui est un rayon de soleil le matin au petit d√©jeuner! Mille mercis pour faire de mon s√©jour un moment unique.Voir plus","casablanca"
"HAMILTON Agadir","Avec une note de 6.3","OUKHEYI","‚Ç¨¬†39,91","HAMILTON AgadirH√¥tel √† Agadir (Baie d'Agadir)Situ√© √† quelques pas des plages de sable fin d'Agadir, le HAMILTON Agadir est entour√© de beaux jardins et dispose d'une piscine. Toutes les chambres sont climatis√©es et d√©cor√©es dans un style...OUKHEYIMarocRienVoir plus","agadir"
"Dunes d'Or Ocean Club","Avec une note de 7.3","Caroline","‚Ç¨¬†78,19","Dunes d'Or Ocean ClubH√¥tel √† Agadir (Baie d'Agadir)Situ√© en face de la plage d'Agadir, l'h√¥tel Dunes d'Or Ocean Club poss√®de une piscine ext√©rieure avec des chaises longues. L‚Äô√©tablissement propose des chambres avec vue dot√©es d‚Äôun balcon.CarolineFranceL'emplacement et la vue merVoir plus","agadir"
"R√©sidence Hoteli√®re Fleurie","Avec une note de 8.2","Asmaa","‚Ç¨¬†47,36","R√©sidence Hoteli√®re FleurieH√¥tel √† AgadirLa Residence Fleurie vous accueille en plein c≈ìur d‚ÄôAgadir, √† 10¬†minutes de marche de la plage. Cet √©tablissement propose des studios et des appartements spacieux, ainsi qu‚Äôune piscine ext√©rieure.AsmaaMarocLa propret√© de la chambre, draps, ‚Ä¶..vraiment tout est propreVoir plus","agadir"
"Hotel Club Almoggar Garden Beach","Avec une note de 7.0","lahbidi","‚Ç¨¬†83","Hotel Club Almoggar Garden BeachH√¥tel √† Agadir (Baie d'Agadir)Situ√© sur un terrain de 5 hectares, l'Hotel Club Almoggar Garden Beach dispose de 2 piscines et d'une plage de sable priv√©e. Il propose un spa, une salle de sport et un grand jardin.lahbidiMarocEmplacement, animation, petit d√©jeuner et personnelVoir plus","agadir"
"Anezi Tower Hotel","Avec une note de 6.9","laure","‚Ç¨¬†80,15","Anezi Tower HotelH√¥tel √† Agadir (Baie d'Agadir)L'Alnezi Tower Hotel comporte une terrasse donnant sur Agadir et ses plages, situ√©es √† seulement 300 m√®tres.laureFranceL'emplacement, le confort de la literie, le parking priv√©Voir plus","agadir"
"Oasis Hotel & Spa","Avec une note de 7.1","abazil","‚Ç¨¬†53,40","Oasis Hotel & SpaH√¥tel √† Agadir (Centre-ville)R√©cemment r√©nov√©, l‚ÄôOasis Hotel¬†& Spa vous accueille dans le centre-ville d‚ÄôAgadir, √† 200¬†m√®tres de la mer.abazilFrancePiscine sympa, emplacement pratique. 
Le tarif est correct pour la prestation.Voir plus","agadir"
"Agyad Maroc Appart-Hotel","Avec une note de 5.6","Abadi","‚Ç¨¬†36,32","Agyad Maroc Appart-HotelH√¥tel √† Agadir (Founty)Associant √©quipements modernes et caract√©ristiques marocaines traditionnelles, l'h√¥tel Agyad Maroc propose des appartements et studios ind√©pendants et une piscine ext√©rieure pr√®s de la plage et du...AbadiMarocLa situation g√©ographiqueVoir plus","agadir"
"Hotel Sindibad","Avec une note de 7.8","magali","‚Ç¨¬†44,40","Hotel SindibadH√¥tel √† Agadir (Talborjt)L‚ÄôHotel Sindibad Agadir a √©t√© fond√© par une famille profond√©ment ancr√©e dans sa culture et ses origines. Elle dispose d‚Äôune grande expertise sur les r√©gions du sud du Maroc.magaliFrancechaque fois que l on s√©journe √† Agadir nous logeons dans cet √©tablissement qui pour nous est bien plac√©. personnel √† l √©coute et r√©actif a toute les demandes.Voir plus","agadir"
"Hotel Timoulay and Spa Agadir","Avec une note de 8.7","Perrine","‚Ç¨¬†93,87","Hotel Timoulay and Spa AgadirH√¥tel √† Agadir (Founty)Pr√©sentant un style Art d√©co, l‚ÄôHotel Timoulay and Spa Agadir est situ√© √† 500¬†m√®tres de la plage et √† 10¬†minutes en voiture du centre-ville d'Agadir.PerrineFrancePropre. Bonne literie.  bon accueilVoir plus","agadir"
"Suite Hotel Tilila","Avec une note de 8.0","Daniel","‚Ç¨¬†60,50","Suite Hotel TililaH√¥tel √† Agadir (Centre-ville)Cette r√©sidence vous accueille √† seulement 400 m√®tres de la plage. Elle propose une piscine ext√©rieure avec terrasse bien expos√©e ainsi qu'une r√©ception ouverte 24h/24 dot√©e d'une connexion Wi-Fi...DanielFrancepersonnel aimable et serviable, tr√®s bon emplacement central, un peu de bruit de la rue mais tr√®s supportable, propre mais pourrait √™tre modernis√©. bon rapport qualit√© prixVoir plus","agadir"
"Palais Medina Riad Resort","Avec une note de 7.9","Eldina","‚Ç¨¬†113,62","Palais Medina Riad ResortH√¥tel √† F√®sSitu√© √† F√®s, √† c√¥t√© du centre commercial Fez Borj, le Palais poss√®de une piscine ext√©rieure et un snack-bar offrant une vue panoramique sur la colline de Jbel Zallagh et sur l'ancienne m√©dina.EldinaFranceBelle, grande chambre, avec magnifique vu sur la piscine. Grand choix des plats au restaurant, personnel agr√©able.Voir plus","fes"
"Royal Mirage Fes Hotel","Avec une note de 8.0","azddine","‚Ç¨¬†105,97","Royal Mirage Fes HotelH√¥tel √† F√®sRoyal Mirage Fes Hotel enjoys a prime location within the heart of F√®s with easy access to the city‚Äôs business districts and many of the city‚Äôs museum and cultural attractions.azddineMarocl'emplacement,  qualit√© prix, l'animation, gentillesse du personnelsVoir plus","fes"
"H√¥tel Royal Urban Concept","Avec une note de 8.3","Khadija","‚Ç¨¬†46,74","H√¥tel Royal Urban ConceptH√¥tel √† F√®sL'H√¥tel Royal Urban Concept est situ√© √† F√®s, √† 1,8 km du palais royal et √† 800 m√®tres de la gare. Vous s√©journerez √† 3 km de la place Batha, √† 3,6 km de Bab Bou Jeloud Fes et de la m√©dersa Bou Inania....KhadijaFrancePersonnel sympathique souriant et serviable
J suis une habitu√©e  de cet √©tablissement que j trouve toujours assez bonVoir plus","fes"
"Hotel Sahrai","Avec une note de 8.5","sophia","‚Ç¨¬†280,64","Hotel SahraiH√¥tel √† F√®sDot√© d'une piscine ext√©rieure, d'un jardin, d'un spa et centre de bien-√™tre, l'Hotel Sahrai est situ√© √† F√®s, √† 10¬†minutes en voiture de l'ancienne m√©dina.sophiaFranceLe cadre le personnel un des plus belle h√¥tel que j'ai pu faireVoir plus","fes"
"Nour Plazza Hotel","Avec une note de 8.5","Abdelwahab","‚Ç¨¬†124","Nour Plazza HotelH√¥tel √† F√®sSitu√© √† F√®s, √† 2,6¬†km du palais royal, le Nour Plazza Hotel propose une piscine ext√©rieure, un parking priv√©, une salle de sport et un salon commun. Cet h√¥tel 4¬†√©toiles dispose d‚Äôune terrasse.AbdelwahabMarocLa propret√© et la qualit√© d‚ÄôaccueilVoir plus","fes"
"Les M√©rinides","Avec une note de 8.0","804 commentaires","‚Ç¨¬†109,93","Les M√©rinidesH√¥tel √† F√®sPerch√© sur les hauteurs de F√®s, l'h√¥tel Les M√©rinides vous invite √† explorer les merveilles historiques d'une ville au patrimoine impressionnant.","fes"
"Hotel Arena Fes","Avec une note de 6.9","Moumin","‚Ç¨¬†40,80","Hotel Arena FesH√¥tel √† F√®sSitu√© √† F√®s, √† 6 km du palais royal, l'Hotel Arena Fes propose une piscine ext√©rieure, un parking priv√© gratuit, un jardin et un salon commun.MouminBelgiqueLe personnels de l‚Äôh√¥tel impeccable je recommande et vous √™tes pr√®s de tout. Ain allah‚Ä¶Moulay yacoub‚Ä¶.le centre villeVoir plus","fes"
"Across Hotels & Spa","Avec une note de 8.1","Mohammed","‚Ç¨¬†96","Across Hotels & SpaH√¥tel √† F√®sDot√© d'une piscine ext√©rieure et d'un spa avec centre de bien-√™tre, l'Across Hotels & Spa vous accueille √† F√®s. Vous b√©n√©ficierez d'une connexion Wi-Fi gratuite.MohammedMarocPetit d√©jeuner offertVoir plus","fes"
"Riad Marjana suites & Spa","Avec une note de 9.2","Djamila","‚Ç¨¬†135","Riad Marjana suites & SpaH√¥tel √† F√®s (F√®s el-Bali)Dot√© d'une terrasse et d'une piscine int√©rieure, le Riad Marjana suites & Spa vous accueille √† F√®s. Il propose une r√©ception ouverte 24h/24.DjamilaFranceSublime‚Ä¶ un joyau dans la m√©dina de Fes .. personnel tr√®s accueillant √† conseiller les yeux ferm√©sVoir plus","fes"
"Dar Lys Luxury Riad & Spa","Avec une note de 9.2","BRUNO","‚Ç¨¬†175,63","Dar Lys Luxury Riad & SpaH√¥tel √† F√®s (F√®s el-Bali)Situ√© √† F√®s, √† 2 km du palais royal, le Dar Lys Luxury Riad & Spa propose une piscine ext√©rieure ouverte en saison, un parking priv√© gratuit, un jardin et une terrasse.BRUNOFranceTr√®s bienVoir plus","fes"
